title,description,link,creator,tag,tags
My Evidence-Based Skincare Routine,"So what is the perfect productive skincare routine? There are zillions of skincare products out there, from avocado face masks to LED therapy and snail-slime face creams. However, you can get 90% of the possible benefits with just 3 or 4 products, which I include in my Productive Skincare Routine. Enjoy :)",https://youtu.be/OrElyY7MFVs,Ali Abdaal,Routine,"Ali Abdaal,Ali abdal,morning routine,productive morning routine,productive habits,skincare,men skincare,skincare routine,skin care,routine,men skincare routine,how to get clear skin,how to get smooth skin,how to clear skin for men,how to get smooth skin for men,moisturizer,skincare routines 2022,skincare routines asmr,skincare routines acne,skincare routines dermatologist"
Dermatologist‚Äôs Night Routine: Esthetician Reacts To Dr. Sandra Lee Pimple Popper's Skincare Routine,Esthetician Reacts To Dermatologist Dr. Sandra Lee MD Pimple Popper's Nighttime Skincare Routine For Dy Skin ,https://youtu.be/cLm6vmy-jc0,Cassandra Bankson,Reaction,"cassandra bankson,skincare,esthetician reacts to dermatologist,reacts to dermatologist,reacting to dermatologist,dr pimple popper,slmd skincare,dr sandra lee,dr sandra lee new videos,dr sandra lee blackheads,dr sandra lee blackhead extraction nose,dermatologist skincare routine,dermatologist night,dermatologist night skincare,dermatologist night skincare routines,skincare reaction,skin care,sandra lee,pimple popping,harpers bazaar"
My Morning Skincare Routine (Updated),"I‚Äôm long overdue an update on this popular video - there‚Äôve been lots of requests for my current routine so I thought I‚Äôd share! As you can see, my routine hasn‚Äôt deviated massively since the last video I did on this...",https://youtu.be/dMTTikld9rs,Dr Sam Bunting,Routine,"skincare routine,dermatologist,dr sam bunting"
Reacting To Paris Hilton's ‚ú® SCIENTIST ‚ú® Skincare Routine - Esthetician Reacts,Reaction to Paris Hilton's skincare routine.,https://youtu.be/4eZw7I2Yjx0,Cassandra Bankson,Reaction,"cassandra bankson,skincare,skinfluencer,skintelligent,skintellectual,beYOUtiful,medical esthetician,the ordinary"
TOP 5 SKIN CARE INGREDIENTS YOU NEED | Dr Dray,"Dermatologist Dr Dray on the top 5 skin care ingredients you need.  Must have skin care that everyone needs.  #skincare #dermatologist #drdray

FTC: This video is sponsored by Walmart.",https://youtu.be/r2glNXcql_s,Dr Dray,Skin care ingredients,"skin care products you need,skincare you need,skin care things you need,must have skincare products,must have skincare,a skincare product you cant live without,5 skincare ingredients you need,benefits of vaseline on skin"
Dermatologist's skin care routine (AM & PM) 2020| Dr Dray,"Dermatologist Dr Dray's AM & PM skin care routine, 2020. My morning and nighttime skin care routine, 2020.  ",https://youtu.be/G8q08kY3zqY,Dr Dray,Routine,"dr dray skin care routines,dr dray skincare routines 2020,dr dray skin care 2020,skin care routines drug store,dermatologist skin care routines drug store,morning skin care routines,morning skin care,morning skincare for oily skin,nighttime skin care routines,nighttime skin care,am skincare routines,am skincare,pm skin,pm skincare,pm skincare routines,dr dray am skincare,dr dray pm skincare"
Skincare products I keep buying over and over and over again ü§∑üèª‚Äç‚ôÄÔ∏è,Longterm skincare products.,https://youtu.be/s_cOuVJPAPY,Cassandra Bankson,Skincare products,"cassandra bankson,skincare,skinfluencer,skintelligent,skintellectual,beYOUtiful,Skincare,skincare I can‚Äôt stop buying,skincare products I am obsessed with,best skincare products,skincare I buy over and over again,skin care routine,skin care,tik tok skincare,tik tok skincare products,skincare tiktok,skincare for oily skin,best skinare,best acne products,best skincare for acne,best skincare 2021"
MY ACNE SKINCARE ROUTINE AM : PM & WHY I DONT WASH MY FACE IN THE MORNING,Morning and night skincare routine for acne.,https://youtu.be/YIIglsXFoXg,Cassandra Bankson,Routine,"cassandra bankson acne,cassandra bankson the ordinary,cassandra ban kson moisturizer,the ordinary skincare routines,cassandra bankson skincare routine,cassandra bankson acne update,cassandra bankson acne diet,cassandra bankson acne coverage,cassandra bankson acne scars,skin care routine,face wash,clear skin,cassandra bankson pixi beauty"
SKIN CARE ROUTINE for fading POST ACNE MARKS| Dr Dray,"Dermatologist Dr Dray's SKIN CARE ROUTINE for fading POST ACNE MARKS. Skin care routine for dark marks, hyperpigmentation, and redness.  Skin care products to fade post inflammatory hyperpigmentation and erythema from healing acne.  #skincare #skincareroutine #acne",https://youtu.be/6w6EMIUIg8U,Dr Dray,Routine,"skincare routines,skincare routine,skincare routines acne,skincare for post acne,skincare for post inflammatory erythema,skincare for post inflammatory hyperpigmentation,post acne redness,how to remove post acne redness,post acne hyperpigmentation,post acne hyperpigmentation treatment,post acne dark spot,post acne dark spot treatment,post acne dark spot corrector,dr dray skin care routines,acne skincare routines dr dray,dermatologist skin care routines dr dray"
Skincare in your 20s| Dr Dray,Dermatologist Dr Dray on how to layer skin care products.  What order to layer skin care products and how to layer serums in your skin care. ,https://youtu.be/0GX1WJm-i7A,Dr Dray,Skincare,"skincare in your 20s,skin care,skin care tips,skincare for 20 year olds,skincare for 25 year olds,skincare for 20s,dr dray skin care in your 20s,dr dray dermatologist,dr dray skincare"
How to layer skin care products| Dr Dray,Dermatologist Dr Dray on how to layer skin care products.  What order to layer skin care products and how to layer serums in your skin care. ,https://youtu.be/d9fsPMrLYNs,Dr Dray,Layering,"layering skin care products,layering skin care,layering skin care dr dray,how to layer skin care products,how to layer skin care products with retinol,how to layer serums,how to layer serums and retinol,how to layer serums from the ordinary,how to layer moisturizer,how to layer moisturizer and sunscreen,how to layer serums and moisturizers,order of skincare products,skin care product order,how to apply skin care products in order,dr dray dermatologist youtube"
My top 5 HOLY GRAIL SKIN CARE PRODUCTS| Dr Dray,Dermatologist Dr Dray's top 5 HOLY GRAIL SKIN CARE PRODUCTS.  The skin care products I CANNOT LIVE WITHOUT.  What skin care products can you not live without? #skincare #skincareproducts #dermatologist,https://youtu.be/i0AG_dFl1u0,Dr Dray,Holy Grail products,"holy grail skincare products,holy grail skincare,holy care skin care 2021,holy grail products,holy grail products 2021,dr dray holy grail,products i cant live without,top 5 skincare products,my favorite skincare products,dr dray skincare favorites,best skin care products"
STOP BUYING THESE SKIN CARE PRODUCTS & WHAT TO BUY INSTEAD | DR DRAY,"Dermatologist Dr Dray on 10 SKIN CARE PRODUCTS TO STOP BUYING and WHAT TO BUY INSTEAD.  #skincare #antihaul #drdray 

FTC: this video is not sponsored. ",https://youtu.be/-E1YXrVaPL8,Dr Dray,Product recommendations,"buy this not that skincare,buy this not that,stop buying skincare,skincare you dont need,skin care i dont use,dr dray skin care i dont buy,beauty products to stop buying,how to stop buying skincare products,skincare dupes,skincare dupes for high end products,skincare dupes 2021,affordable skincare dupes,dr dray affordable skin care"
ULTIMATE HYDRATION HACK: WHICH PRODUCT IS BEST FOR SLUGGING?,"Products Mentioned:
https://shopmyshelf.us/collections/39795",https://youtu.be/baKr6ufB3Xs,Doctorly,Slugging,"dermdoctor,dr muneeb shah,dr shah,doctorly,dermatologist,tiktok doctor,dr lj maxfield,skincare,dermatology,skincare routine,slugging,how to slug,is slugging safe,is slugging good for the skin,vaseline,aquaphor,cerave healing ointment,cerave,petroleum jelly,petrolatum,dry skin tips,slugging dermatologist"
Skincare You DON'T Need - Skin Doctors,Today we discuss the skincare products / devices / ingredients that you don't need in your skincare routine! ,https://youtu.be/Pt-Av72djzo,Doctorly,Product recommendations,"dermatologist,jade roller,clarisonic,foreo luna,pore vacuum,skin care,retinol,skincare,toner,witch hazel,skincare routine"
BEST RETINOL FOR YOU | Doctorly Favorites,"Finally, our favorite retinol products in one video!",https://youtu.be/hrMQaau4S_0,Doctorly,Product recommendations,"dermdoctor,dr muneeb shah,dr shah,doctorly,dermatologist,tiktok doctor,dr lj maxfield,skincare,dermatology,skincare routine,best retinol,best retinoid,adapalene,differin,la roche posay,cerave resurfacing retinol,cerave retinol,kiehl's retinol,versed body retinol,paula's choice retinol,paula's choice,retinoid,tretinoin,tazarotene,olay 24 retinol,doctorly best retinols,versed firm ground,skinbetter,skinbetter science,skin better science,alpharet"
"Cleanse, Treat, Protect - Foundations of Skincare","If you're new to skincare, start here! 

This is our foundation video on skincare. Every video on active ingredients that follows will fit into this routine.

Keep your routine simple and break down your steps into:
1. Cleanse
2. Treat (active ingredients)
3. Protect ",https://youtu.be/rcIDAuIiSaI,Doctorly,Routine,"skincare,dermatologist"
CREATE YOUR PERFECT SKINCARE ROUTINE,Our skincare routine videos are coming soon but we wanted to drop this video in advance so that people know how to navigate those videos. Skincare routines should be tailored to your specific concerns and not copied from other people! ,https://youtu.be/lgEMDJBvx8A,Doctorly,Routine,"skin care,skincare,acne,anti-aging,dermatologist,skincare routine,hyperpigmentation,textured skin,acne routine,dermdoctor,dr. shah,retinol,sunscreen"